"","domain","MASE_med"
"1","egend",1.086656982
"2","igend",1.205134784
"3","posaffect",1.3008237555
"4","iasian",1.5790050855
"5","polar",1.861880467
"6","easian",2.9351241585
"7","ideoldem",3.1052019985
"8","lifesat",3.551811583
"9","negaffect",4.1734434615
"10","eafric",4.3601483745
"11","iafric",5.485066936
"12","ideolrep",5.604090928
